id,name,area,lat,lng,last_updated
221674386,Tula_Russia,tula-russia,54.1839,37.5974,1551817991
277658809,Тульский_кремль,tula-russia,54.1952705901,37.6199338032,1551812961
2813155,ЦПКиО_им_Белоусова,tula-russia,54.1813728371,37.5906670337,1551811356
498397486,г_Тула,tula-russia,54.1922748175,37.6171886848,1551804667
441651830,Город_Тула,tula-russia,54.2098563554,37.6208763602,1551732323
1031001194,Трц_макси,tula-russia,54.1922819673,37.6391785811,1551816643
1210536975718297,Искра_Новое_городское_пространство,tula-russia,54.1986379338,37.6119410992,1551818084
477460967,Пряности_И_Радости_Тула,tula-russia,54.2030567326,37.6180591792,1551818054
224188337,Центральный_Парк_Г_Тулы,tula-russia,54.1759359,37.5965288,1551817861
267501321,Arsenal_Stadium_Tula_,tula-russia,54.174167,37.603056,1551814575
419438004,Клуб_Ресторан_Пряник,tula-russia,54.1923330896,37.619159714,1551777613
500699439,Тула_Центральный_Парк_Имени_Белоусова,tula-russia,54.1837567869,37.6073286906,1551764854
993325342,Тульский_государственный_музей_оружия,tula-russia,54.1951111111,37.6211666667,1551807954
217270037,Площадь_Ленина_г_Тула,tula-russia,54.1932432647,37.6182402748,1551810515
12991427,ТРЦ_Гостиный_Двор,tula-russia,54.19215,37.61799,1551782788
757041318,Тульский_Кремль,tula-russia,54.19262,37.62177,1551801537
419405540,SK_Royal_Hotel_Tula,tula-russia,54.19385,37.61288,1551818074
14966070,Ресторан_пивоварня_Пётр_Петрович,tula-russia,54.1846916875,37.5935774036,1551814398
499204277,Г_Тула_Ул_Пузакова,tula-russia,54.21493842,37.605990565,1549571795
211583862700207,ТРЦ_Гостиный_Двор,tula-russia,54.19215,37.61799,1551814627
269145094,Музей_Оружия_Октябрьская_Ул_Тула,tula-russia,54.2042199843,37.6165405297,1551783012
345786232844161,Тула_Россия,tula-russia,54.1988951932,37.6027918381,1551818608
458966097819396,Площадь_Ленина_Тула_Россия,tula-russia,54.19298,37.6179,1551810669
520498946,Тула_Город_Герой,tula-russia,54.2169318349,37.6242434699,1551807900
1026375152,Tula_Kremlin,tula-russia,54.1952777778,37.62,1551808603
1032671040,Тула_Красноармейский,tula-russia,54.19761,37.60264,1551802838
442646388,Ресторан_Респект,tula-russia,54.19929,37.61409,1551804355
825509993,Ресторан_Гости,tula-russia,54.191608858,37.601578738,1551810554
408097642,Stechkin_Bar,tula-russia,54.1759669307,37.599311475,1549648562
1145998,Тульский_Кремль,tula-russia,54.1938994664,37.6172989594,1551801537
3431880,ТЦ_РИО,tula-russia,54.1994097604,37.6364447184,1551815186
507420720,Городской_Концертный,tula-russia,54.199973326,37.6128759721,1551812513
1784894085135393,Ликёрка_Лофт,tula-russia,54.17542,37.59886,1551816020
675700185,Тульский_академический_театр_драмы,tula-russia,54.18844,37.6097899,1551785324
1019212470,Harats_Pub_Тула,tula-russia,54.19736,37.59362,1551811296
874917102670503,Тульский_Государственный_Цирк,tula-russia,54.18961,37.62621,1551811045
270017957,Центральный_парк_им_Белоусова,tula-russia,54.18218517,37.5916829148,1551764854
567001126,Москва_Парк_Сокольники,tula-russia,54.18642106,37.5924360017,1551794973
974713077,Ресторан_Public,tula-russia,54.19237,37.59968,1551782804
9275473,Мята_Еда_И_Танцы,tula-russia,54.1898951777,37.6101930483,1550352436
1034951163,Великий_Гэтсби_бар_караоке,tula-russia,54.19094,37.61907,1551802679
521496795,Ресторанный_комплекс_Forest,tula-russia,54.18504,37.62704,1551818501
108536019865142,Барвиха_Lounge_Тула,tula-russia,54.17518,37.5985299,1551804835
886341352,Мята_Lounge_Кальянная,tula-russia,54.1886643919,37.6121062796,1551730702
2003489433219119,Творческий_индустриальный_кластер_Октава_,tula-russia,54.19073,37.61163,1551802298
1192650434169610,МаМа_МИА,tula-russia,54.19719,37.59571,1551815588
415329476,Парк_Культуры_Имени_Белоусова,tula-russia,54.1798776923,37.5911341687,1551764854
1002161416,Дом_15,tula-russia,54.19135,37.61319,1551801094
498895702,Пивоварня_Августин,tula-russia,54.17883224,37.598346052,1551807900
506131477,LoftHall,tula-russia,54.17542,37.59886,1551041669
759874233,Другое_дело,tula-russia,54.1918114644,37.6189577288,1551774332
362990657158286,MR_CUP_на_Советской,tula-russia,54.19257,37.61471,1551818788
1020726552,Гастрономический_паб_Правда,tula-russia,54.19726,37.60374,1551774744
1015293862,Ресторан_Большой_Кремлевский,tula-russia,54.1960207081,37.6196980476,1551801537
498417236,ТЦ_Сарафан,tula-russia,54.1976277,37.5818243,1551798489
140297016742497,Ликерка,tula-russia,54.17518,37.59853,1551819546
13853079,Fusion,tula-russia,54.1902939494,37.6122143924,1521267794
498130293,Реалити_квест_ВЫХОД_Тула,tula-russia,54.19745,37.58338,1515917217
498485210,Музей_Тульский_Кремль,tula-russia,54.1950998067,37.619903358,1551801537
61168164,Киносити,tula-russia,54.1919962393,37.618553091,1551701045
1014290090,Ледовая_арена_Тропик,tula-russia,54.1708875802,37.6156210375,1551623851
404956365,Тульская_Филармония,tula-russia,54.185671371,37.6098608303,1546774694
1020470175,ТРЦ_РИО,tula-russia,54.1993157494,37.6365637779,1551802351
1032258417,Тула_Пролетарская_Улица_2_Трц_макси,tula-russia,54.19256,37.6327,1551812372
693888910,Ресторан_Сударь_Тула,tula-russia,54.2061755084,37.61630317,1551686615
266438700673282,Тула_Кремль,tula-russia,54.192531,37.62322,1551818512
354470995,Клуб_Облака,tula-russia,54.1906980221,37.6185578995,1538859047
963002751,Дворец_Культуры_Железнодорожников,tula-russia,54.19128,37.58251,1551798623
229223789,Тула_Ясная_Поляна,tula-russia,54.1978680633,37.5932089233,1551636844
293685838,Гостиница_Армения_Тула,tula-russia,54.1924991212,37.6179273911,1551709129
114905715708373,Башня_ресторан_пивоварня,tula-russia,54.1975835318,37.6023817062,1551801865
501409582,Кофе_Культ,tula-russia,54.182379581,37.6051497459,1551815200
475016809,Гостиный_Двор,tula-russia,54.17163593,37.59873089,1551782788
409057227,Городской_Кремлевский_Сад_Тула,tula-russia,54.1944621423,37.6192201292,1544985667
662779810,Тула_Ул_фрунзе,tula-russia,54.2008213267,37.5856491834,1551193491
453689454,МАРК_и_ЛЕВ,tula-russia,54.2,37.6167,1551798316
5887576,Премьер,tula-russia,54.1768315837,37.5942810595,1551810663
6400016,Правительство_Тульской_Области,tula-russia,54.1930244,37.6170815,1548342820
510587853,Музей_Самоваров,tula-russia,54.1945017625,37.6189577579,1551635763
1007438564,Тула,tula-russia,54.1979485,37.6088409,1551804667
164829820916060,ТЕМА_Eat_Drink_Dance,tula-russia,54.1903149582,37.6148915291,1551819713
1786436491591989,Кофе_Культ_на_Красноармейском,tula-russia,54.19637,37.60386,1551811201
12290979,Тульский_Государственный_Музей_Оружия,tula-russia,54.2042373529,37.6169173848,1551783012
1018604961,The_TRUMP,tula-russia,54.1836014,37.5714684,1550480208
465737099,Дворянское_Собрание,tula-russia,54.1853758878,37.6081956244,1551814491
954694051,Кинотеатр_Октябрь_Тула,tula-russia,54.19761,37.60264,1551561617
865900383,Россия,tula-russia,54.17309828,37.5878214334,1551820924
500672092,Г_Тула_Ул_Марата,tula-russia,54.19741253,37.64295218,1539191752
716878733,Арсенал_стадион_Тула_,tula-russia,54.1746681428,37.6024714305,1551773417
305154940297508,Казанская_Набережная,tula-russia,54.196117,37.62291,1551816656
501622326,Спортклуб_Властелин,tula-russia,54.2012305251,37.5964756898,1551807679
1783567785263584,Drova,tula-russia,54.19994,37.63624,1551006842
363819577324424,Синема_Парк_Макси_Тула,tula-russia,54.1933447716,37.6360778363,1551812372
224195511,Ресторан_Славянский,tula-russia,54.18504,37.62704,1551794283
1018930516,Ворота_Солнца_Бар_и_Еда_,tula-russia,54.1758242126,37.6001501083,1551778489
410333976,Пряник,tula-russia,54.19215,37.61799,1551777613
139218726571987,GRP_Sweet_Concept_Store,tula-russia,54.1753971986,37.5992274284,1551806699
12465415,ТЦ_Тройка,tula-russia,54.1919939127,37.6142471284,1551718696
264189824,Hardy_Bar,tula-russia,54.1772829932,37.6007053104,1526150051
270018696776398,Типография,tula-russia,54.17519,37.59206,1551807166
1053106324868428,Yasnaya_Polyana,tula-russia,54.2049951562,37.618432045,1551636844
199255230685100,Культура,tula-russia,54.1985124111,37.6124989986,1551813959
3742528,Тц_утюг,tula-russia,54.19269316,37.61253715,1551819804
331825643831247,Спортзал_Хулиган,tula-russia,54.17985,37.60384,1551813628
52081627,Тульский_Цирк,tula-russia,54.1897562671,37.6259583235,1551861447
501942292,Спортивный_Клуб_Олимп,tula-russia,54.1958143002,37.6034872951,1547671685
888309434,Free_Form_White_Loft,tula-russia,54.1763117026,37.6002456749,1537110958
943728132,Белоусовский_парк,tula-russia,54.1850395,37.5868301,1551616216
648245521991666,ТК_Парадиз,tula-russia,54.19127,37.6162599,1550666405
1288888677871999,Vesna_Бар_Ресторан_GinzaProject,tula-russia,54.20255,37.6233,1551340760
61736943,Тарелка,tula-russia,54.1917703361,37.6191448666,1536230326
1021565670,Кофейня_Сова,tula-russia,54.19694,37.60469,1551680972
584846024,Mamamia,tula-russia,54.1973262258,37.5958024172,1551813279
488755790,Фотостудия_Библиотека,tula-russia,54.20947,37.61689,1551633662
1809661172584333,Тула_Советская,tula-russia,54.19139,37.61957,1551858067
1779397385435440,WELL_WELL_WELL_kitchen_wine_bar,tula-russia,54.1763014584,37.6004719734,1551802655
478802088,Городской_Концертный_зал,tula-russia,54.20025,37.61215,1551822467
224040495,Г_Тула_Кремль,tula-russia,54.1938994664,37.6172989594,1550941226
1063270207113841,Тула_Платоновский_Парк,tula-russia,54.1735248,37.5875865,1551616651
501516836,Парк_Им_Белоусова,tula-russia,54.19736031,37.60286664,1551856141
349774378735026,MR_CUP_на_Советской,tula-russia,54.19257,37.61471,1551807549
852291521647564,Likerka_Loft,tula-russia,54.1802814154,37.6047565732,1551824027
748854044,Глобус_в_Туле,tula-russia,54.1716095327,37.59874056,1551716271
112158849409473,Rob_Roy_Bar_Tula,tula-russia,54.17481,37.59832,1551854708
410443554,Ingate_New_Office,tula-russia,54.1899101701,37.6189957476,1547919905
498699351,Дк_Машзавод,tula-russia,54.20947,37.61689,1551701833
577037176,Хомяково,tula-russia,54.1716114901,37.5986862501,1551849133
4507579,Чайхона_Изюм,tula-russia,54.18872,37.61219,1551198403
577062524,Check_In_BAR,tula-russia,54.19385,37.6128799,1551690009
1029714272,Мама_Мия_Тула,tula-russia,54.2064669214,37.6191981414,1550785045
213565581,Тульский_государственный_музей_оружия,tula-russia,54.2040503001,37.6162037886,1551807954
1022853525,Хинкальная_Генацвале,tula-russia,54.1965923012,37.6046877545,1551812737
522427264,Октава,tula-russia,54.19113617,37.61098503,1551862707
229179796,Кафе_Город,tula-russia,54.19616,37.60775,1551433984
730012913859068,Кластер_Октава,tula-russia,54.19073,37.61163,1551793823
1250891798344248,Тульский_Государственный_Цирк,tula-russia,54.18961,37.62621,1551861447
182053572318216,Shuzetta,tula-russia,54.19821,37.58157,1550847967
904029221,Ресторанный_Комплекс_этажи,tula-russia,54.1993,37.63905,1551128651
255538735190032,WhatElse_,tula-russia,54.1980730789,37.6123595238,1551859282
466933455,Тула_Парк_Белоусова,tula-russia,54.1811249732,37.58352343,1551856141
221196876,Башня,tula-russia,54.1971702576,37.6026344299,1551801865
1605341046207440,Тульская_областная_филармония,tula-russia,54.18569,37.60996,1551854531
7536875,Beerlin,tula-russia,54.196294035,37.61001461,1551706035
410607231,Ресторан_Пивоварня_башня,tula-russia,54.1974713607,37.6021714881,1551801865
29975756,Зареченский_Мост,tula-russia,54.2018917543,37.6167665427,1551810612
1331811196849601,Ликерка_Лофт,tula-russia,54.17684,37.60023,1500121507
11694065,Музей_Оружия,tula-russia,54.1951652643,37.6217553847,1551807954
415211357,Беверли_Хиллз,tula-russia,54.19215,37.61799,1551731144
184381218690245,На_набережной,tula-russia,54.20334,37.61958,1551477888
1019083005,Ресторан_Старый_Город,tula-russia,54.1875687,37.6098785,1551770216
1077970855659246,Бургерная_Карл_Маркс_Тула,tula-russia,54.1887667,37.6124755,1551803830
804679693,Тула_Дворянское_Собрание,tula-russia,54.18837323,37.61519948,1551814491
2845225,Ресторан_Респект,tula-russia,54.199765855,37.6140364436,1546059407
1891056964465321,Кофе_Культ_на_пр_Ленина,tula-russia,54.18267,37.60479,1551811201
439604722,Томато,tula-russia,54.1917824508,37.6175639993,1531236540
970621,Суши_Хаус,tula-russia,54.1971177422,37.6027720259,1541347095
1033658719,Кремлевский_Сад,tula-russia,54.19412002,37.62327184,1551730605
1521384044651726,Drova,tula-russia,54.19994,37.63624,1551808609
853791679,Вдуше,tula-russia,54.19435,37.61383,1550359791
441749466242135,Семейно_развлекательный_центр_ВКубе,tula-russia,54.1749984388,37.592677474,1551815980
155369921719144,Пельменная_Лепим_и_варим_Тула,tula-russia,54.19273,37.61415,1551852731
1340336102729442,Mama_Mia_tula,tula-russia,54.20659,37.61881,1551856956
150467162385855,Тройка_Фитнес,tula-russia,54.19135,37.61319,1551727121
1752027461721326,Losk_студия_красоты_волос,tula-russia,54.19912,37.61331,1551810359
530409230,ТЦ_на_Хлебной,tula-russia,54.18523,37.6206,1550745695
293176684,Тульский_Государственный_цирк,tula-russia,54.18961,37.62621,1551861447
4941100,Музей_Тульский_пряник,tula-russia,54.2116076053,37.6218133703,1551807954
221155454990006,Дом_15,tula-russia,54.19135,37.61319,1551849958
1017716862,Ледовая_Арена,tula-russia,54.17091827,37.61567841,1551623851
498474547,Тульский_областной_художественный_музей_The_Tula_Museum_of_Fine_Arts,tula-russia,54.1777142248,37.5947577051,1551819766
588497864,Chop_Chop,tula-russia,54.17542,37.59886,1551596061
1422195507850514,Matr_shka_Shop_beauty_Studio,tula-russia,54.1752982713,37.5993008419,1537960851
1026931096,Фитнес_центр_Гоголь,tula-russia,54.18583,37.60783,1551864396
1743815479218225,Forsd_room,tula-russia,54.1890092413,37.6275515556,1550416788
549978426,Галерея_Ясная_Поляна,tula-russia,54.20609,37.6186999,1551854240
6927263,Тульский_Академический_Театр_Драмы,tula-russia,54.1885705864,37.6088923735,1551707597
18192385,Славянский,tula-russia,54.1848710809,37.6272953084,1551862905
509404737,Мёд,tula-russia,54.19939,37.6406,1551680872
19581357,Vlastelin_Fitness,tula-russia,54.1917343005,37.6137936105,1549215465
6384079,Казанова,tula-russia,54.20296816,37.64203245,1537621968
1025504710,Финансовый_университет_при_Правительстве_РФ_ТФ_бывш_ВЗФЭИ_,tula-russia,54.17251,37.58714,1551723764
132131884177159,Парк_отель_Золотой_осётр,tula-russia,54.2,37.6167,1551794525
2018322991734766,Вформе_Тула,tula-russia,54.19281,37.60479,1551812965
1032438508,Барабан,tula-russia,54.18993,37.61457,1549735445
468016875,МакДональдс_Тула,tula-russia,54.19215,37.61799,1551863183
1018714277,Old_Boy_Bar,tula-russia,54.176094108,37.5996107635,1537091523
479965142468844,La_Bulka,tula-russia,54.19188,37.61106,1551856609
446843917,Епифань,tula-russia,54.19408,37.61874,1551552188
697392918,Райское_Местечко,tula-russia,54.1954725838,37.6014437369,1540561800
2944863,Театральный_Сквер,tula-russia,54.18841,37.6113799,1517074717
692885848,Река_Упа,tula-russia,54.2041453,37.6190424,1551539959
1833707493515485,ТутБатут,tula-russia,54.17207,37.60248,1551009244
43498674,Драмтеатр,tula-russia,54.19426829,37.63144055,1551529479
143739636095929,Все_Сумки,tula-russia,54.1887667,37.6124755,1551131620
561780382,Центр_ментального_фитнеса_Татьяны_Поповой,tula-russia,54.1872985643,37.6099562645,1551795053
833246794,Estadio_Arsenal,tula-russia,54.174167,37.603056,1551773417
1090619164426763,Школа_Студия_L_beauty,tula-russia,54.2071166069,37.619447014,1551852260
1021616627,Cafe_De_France,tula-russia,54.19215,37.61799,1550349160
234430377000121,Nail_and_brow_studio_Gelato,tula-russia,54.19135,37.61319,1551854977
561913337328443,Салоны_красоты_Хамелеон,tula-russia,54.1756169858,37.5988948345,1549979633
638503799,DENNY_ROSE_Тула,tula-russia,54.19531,37.61053,1550500358
501635698,ФС_Олимп,tula-russia,54.19619,37.60488,1551848404
39477592,Мята,tula-russia,54.1912367349,37.6134620838,1521299563
20840273,Бассейн_Арсенал,tula-russia,54.172116,37.602626,1551775622
683170608451843,Мегаполис,tula-russia,54.19619,37.60488,1551687624
900501670107210,Burger_Heroes,tula-russia,54.19273,37.61415,1551853684
1022297805,ТИАМ_Тульский_историко_архитектурный_музей,tula-russia,54.189975978,37.6144838333,1551795234
609091879,Bombay,tula-russia,54.1992989,37.6390495,1544737630
271398003220432,Дом_Дворянского_Собрания,tula-russia,54.18542,37.60851,1551814491
117381982248783,Ingate_Home,tula-russia,54.1881126,37.607419,1551772339
1027413876,Другое_Дело,tula-russia,54.1917922086,37.618914891,1551774332
1225141420864933,PROFI_Все_для_ногтевого_сервиса_,tula-russia,54.19611,37.58525,1551861603
619011204,Дом,tula-russia,54.19319058,37.58792775,1539020493
1029026913,Тульский_Колледж_Искусств_им_АС_Даргомыжского,tula-russia,54.17484,37.59053,1551865055
1024015383,ДКЖ_кино,tula-russia,54.19128,37.58251,1547464006
1100165243435146,Бутик_отель_Тургеневъ,tula-russia,54.19009,37.61873,1551772600
1032891676,Баба_Маня,tula-russia,54.19266,37.61019,1551634913
445592640,Куршавель_Ресторан,tula-russia,54.2047720292,37.6202083406,1550647130
14712912,Тульский_Экзотариум,tula-russia,54.2083965915,37.6198427291,1551535029
275652299,Killfish_Tula,tula-russia,54.1901889151,37.6216554091,1551470181
945111162,Траттория_Папарацци,tula-russia,54.19799,37.59328,1550958537
428219519,Sport_Energy,tula-russia,54.20084234,37.59207721,1551816346
1588507451250554,СРЕДА_SREDA_Ресторан_и_Бар,tula-russia,54.1939494048,37.6137650013,1551866171
499125814,Октябрьский,tula-russia,54.2142353,37.622963,1551822593
1029114147,Академия_Александра_Островского_Тула,tula-russia,54.20887,37.60206,1542030463
959589510,Atelier_des_Parfums,tula-russia,54.18879,37.58523,1551534723
612696402,ЦСКО,tula-russia,54.2006,37.59428,1551783626
241866733092323,Джунгли_Парк,tula-russia,54.1977969249,37.581782341,1551866196
483353504,Стечкин,tula-russia,54.1759629819,37.5991309911,1548230416
8128299,Ресторанный_Дом_Флер,tula-russia,54.1788508699,37.5983353958,1501347603
1027422169,Пряник,tula-russia,54.19953,37.61477,1551809237
967151866,Философия_AS_Галерея_моды,tula-russia,54.19452,37.60246,1551082631
216866353,Центральный_Стадион_Арсенал,tula-russia,54.1742504715,37.6033246,1551773417
298849310,Успенский_Собор_Г_тула,tula-russia,54.19300129,37.61907106,1550943188
1025200004,Экзотариум_тула,tula-russia,54.208442688,37.6195869446,1551535029
498413499,ТЦ_Тройка_Посад,tula-russia,54.19105,37.61318,1551855670
409340306,Ресторан_Public,tula-russia,54.19237,37.59968,1551864873
6000454,Ресторан_Сковорода,tula-russia,54.18381,37.60777,1551644893
460268128,Оружейный_Музей,tula-russia,54.20374017,37.61617411,1551807954
836323583138460,PRIDE,tula-russia,54.19127,37.6162599,1530292422
3930004,In_Friday_We_Trust,tula-russia,54.183531995,37.606295255,1490971822
321533358296034,Томато_Ресторан_Пиццерия,tula-russia,54.18222,37.60483,1551622213
320136951681538,Clever_bar_tula,tula-russia,54.19073,37.61163,1538373842
218777451,Моу_Лицей_2_Тула,tula-russia,54.20848,37.62248,1551856054
554270793,Оружейная_Палата,tula-russia,55.75126748,37.6126001249,1551783967
715418937,Кирова,tula-russia,54.1982757,37.6452661,1550052026
370302690467832,Гриль_бар_Дрова,tula-russia,54.199889,37.636147,1551813684
2212402352365375,Диалектика,tula-russia,54.1926124176,37.614376545,1551797960
636345730,ЧУ_ПО_Юридический_полицейский_колледж,tula-russia,54.1866989,37.60989,1551865538
416538837,Тульский_музей_Изобразительных_Искусств,tula-russia,54.1778794669,37.5949180245,1551861957
646094478920622,Likerka_Loft,tula-russia,54.1754223172,37.5987902284,1549375509
5777711,Mesto,tula-russia,54.1834772642,37.6061869666,1490171293
177763035982724,Wedding_Event_Bureau_by_Maria_Bruhanova,tula-russia,54.1818479,37.602435,1551284963
521165220,TOPGUN_Barbershop,tula-russia,54.175892468,37.599031982,1551068640
593764736,Старая_Тульская_аптека,tula-russia,54.19009874,37.6142356667,1551772515
468482096860901,HookahPlace_Tula,tula-russia,54.1822773,37.6058111,1551560607
5820724,Мачо,tula-russia,54.1767895195,37.5945000594,1542463189
1031627056,Sk_Royal_Spa,tula-russia,54.1937872901,37.6139116067,1551849643
503058465,Школа_71,tula-russia,54.2139433092,37.6284256205,1551724015
129072581120828,Слетай_ru_Tula_Likerka_Loft_,tula-russia,54.17542,37.59886,1551864309
1020968193,Туристическое_агентство_Паспорт,tula-russia,54.1892,37.61105,1549472001
3077518,Советский_Спорт,tula-russia,54.1837144725,37.60740422,1541186297
301612880341209,Понеслось,tula-russia,54.1918,37.61559,1551556089
789527924,Студия_флористического_дизайна_Цветочный_стиль,tula-russia,54.1739876534,37.5802027,1550660737
737157460,Сакура_Тула,tula-russia,54.18368,37.60582,1547229009
1030532610,Дабл_би,tula-russia,54.18903311,37.61222013,1491493247
8128299,Ресторанный_Дом_Флер,tula-russia,54.1788508699,37.5983353958,1501347603
5777711,Mesto,tula-russia,54.1834772642,37.6061869666,1490171293
1031262407,Ликерка_Лофт,tula-russia,54.2,37.6166666667,1494971359
6663554,Тульский_Государственный_Цирк,tula-russia,54.1890840512,37.6259511151,1551866284
270041715,Музей_Усадьба_Ясная_Поляна,tula-russia,54.1931531,37.61372998,1551814372
342350319859471,Караоке_Лофт_Люди,tula-russia,54.17542,37.59886,1551850929
500214723,Тульский_Родильный_дом,tula-russia,54.19479,37.61372,1551793196
405831537,Родина,tula-russia,54.19104,37.61387,1531244122
522896528,Курковая,tula-russia,54.2153827273,37.6006854545,1533467355
705949357,_ernovar_Тула,tula-russia,54.1761195225,37.5992763702,1551181743
597216554,Дома_,tula-russia,54.19727493,37.60752081,1467595444
861098794017844,Sun_Dali_агентство_путешествий,tula-russia,54.18842,37.613,1507911552
1617651921865206,Кофейня_Кофе_и_Люди,tula-russia,54.18908,37.61166,1551705943
14738053,Freshcafe,tula-russia,54.1938472186,37.6123999871,1455974714
1795455184056014,Эклер,tula-russia,54.19094,37.62186,1548872335
499106548,Оленино_3_СНТ,tula-russia,54.1964738951,37.6046408904,1550986645
154942338297269,Артрум_Хвощ,tula-russia,54.18342,37.6057,1547304451
7699885,Библиотека,tula-russia,54.17367,37.597,1531906155
1388787687857727,Кофе_Культ_Ликёрка,tula-russia,54.17542,37.59886,1551811201
415240934,Парк_им_250_летия_Тоз,tula-russia,54.17661545,37.6141202,1550150265
1024070826,ТутБатут,tula-russia,54.17207,37.60248,1518696385
1854877011204287,Раковарня_Ивана_Раковара,tula-russia,54.19123,37.59561,1548012977
259632751059380,Выставочный_Зал,tula-russia,54.19794,37.60066,1551468230
739595432884923,Шумoff_Тула,tula-russia,54.1978722398,37.6385271549,1550847152
1021727696,Oldboy,tula-russia,54.176208464,37.599932529,1550552456
1022018713,Hookah_Place,tula-russia,54.1830104,37.6065534,1550355409
710447371,ГТРК_Тула,tula-russia,54.19161,37.62498,1551812058
1053664108072166,Спортивно_стрелковый_Клуб_Динамо_г_Тула,tula-russia,54.17667,37.60826,1551617605
945151134,Лисья_Нора,tula-russia,54.18292,37.60085,1545518449
1024243865,Банкетный_зал_этажи_Тула,tula-russia,54.1993,37.63905,1551731125
142492993219935,Geek_Chik_Chik,tula-russia,54.18915,37.60971,1550646685
677285321,Тула_Велотрек,tula-russia,54.17480292,37.6005278,1551865380
277397709379641,Соль,tula-russia,54.18842,37.613,1551860332
507286764,Клиника_В_Н_Комаровой,tula-russia,54.19044377,37.58304567,1550499772
96983980,Savatdi_Spa,tula-russia,54.1946726013,37.6135894005,1551037015
513528135,Дом,tula-russia,54.1854153792,37.5679738212,1534441790
501703803,Holding_Ingate,tula-russia,54.19009,37.61873,1511254575
116743885,Баритон,tula-russia,54.199863435,37.5851630804,1530390655
427455297623736,BARY_на_Первомайской,tula-russia,54.18508,37.59493,1551777244
2183032335241685,Ресторан_Сударь,tula-russia,54.206074469,37.6162862778,1551862269
1016247151893499,Budapest_tula,tula-russia,54.1951859226,37.6109862328,1551861872
116280408418633,Тульский_педагогический_колледж_1,tula-russia,54.18605,37.6268699,1551856532
1993153,ПивБанк,tula-russia,54.19719,37.5957099,1551036194
287144738392285,Demidova_Lashes,tula-russia,54.19736,37.59362,1530201684
9213025,Фрау_Марта,tula-russia,54.1819271805,37.6029206617,1543181574
418971645149244,Кофе_Культ_на_Красноармейском,tula-russia,54.19637,37.60386,1551811201
1613262528966092,Brow_bar_Be,tula-russia,54.19215,37.61799,1547387044
508952742803524,Тульский_Пряник,tula-russia,54.2117805,37.6215581,1551735427
145906129241197,Nail_LaB_ногтевая_студия,tula-russia,54.1865012704,37.6129496098,1523556667
1658679051066838,Синагога,tula-russia,54.19621,37.6069,1505648174
762566117259216,Фотостуди_Gallery_Тула,tula-russia,54.1851008,37.604436,1551857128
557783449,Богучаровские_бани,tula-russia,54.2,37.6167,1550941891
20014623,кофейня_Де_Пари,tula-russia,54.1970307,37.6025009,1550685889
922280681252340,BARY_на_Красноармейском,tula-russia,54.19619,37.60488,1551865109
205917733521931,Ptizza_pasta_i_pizza,tula-russia,54.19824,37.61198,1551853570
1012807326,Wedisson_свадебное_агентство,tula-russia,54.1910117421,37.6264679432,1547188323
37443318,Bar_Book,tula-russia,54.1886044635,37.6126137144,1503297545
498191029,Ресторан_Армения,tula-russia,54.19256256,37.61834585,1551848543
1015799927,11_Hotel_Garden_Tula_Russia,tula-russia,54.1836415585,37.6084971428,1543643873
192469004522356,Ресторан_Тургенев,tula-russia,54.19031274,37.61801972,1550782265
454903246,Экспериментория,tula-russia,54.1945582532,37.6329803467,1551517294
1030832996,Norma_Gym_Женский_фитнес_клуб_в_Туле_,tula-russia,54.19176,37.59539,1551018526
1029900684,Bikeseller_ru_велосипеды_с_любовью,tula-russia,54.1759623633,37.6004505157,1543718179
902715573211467,Школа_Кофе_Культ,tula-russia,54.17542,37.59886,1551608525
847669544,Air_Lounge,tula-russia,54.19094,37.61907,1551822723
1004890399619681,BARY,tula-russia,54.19215,37.61799,1551687702
1729460800653499,Студия_красоты_Шоколад,tula-russia,54.21532,37.61098,1541074637
133744300526848,Blik,tula-russia,54.19059,37.62004,1508050363
1976666625724496,Fusion,tula-russia,54.1903597101,37.612231475,1551469168
41237396,Гостинный_Двор,tula-russia,54.1919301494,37.6184833029,1551852278
219952737,Tula_Arms_Plant,tula-russia,54.2005555556,37.6148333333,1551164669
1641137952881229,DANCE_CITY_студия_хореографии_и_фитнеса,tula-russia,54.20947,37.61689,1550164204
1746028765490577,Rixos,tula-russia,54.19237,37.59968,1551782951
270997615,Кинотеатр_Октябрь_,tula-russia,54.1972474685,37.6025341079,1536342950
14026900,Travelers_Coffee,tula-russia,54.1698844,37.5917871,1542019158
695381823945534,Туристическое_агентство_Бекар,tula-russia,54.19988,37.60143,1547121116
3520160,Шоколад,tula-russia,54.1897510063,37.6139792329,1551455536
3582977,Ванильное_Небо,tula-russia,54.19379067,37.62145972,1551774206
1744297169171607,MR_CUP_на_Толстого,tula-russia,54.1836696,37.6065562,1551807549
469848248,1001_Ночь,tula-russia,54.19312,37.58809,1507415727
739196298,Цирк,tula-russia,54.1895587299,37.6254087801,1551866284
782312638,Успенский_собор,tula-russia,54.194894,37.620199,1551717657
96730162,Ресторан_Клуб_мафия,tula-russia,54.1940531933,37.6137810874,1551723038
176294519767271,Тула_улица_Демонстрации,tula-russia,54.19327846,37.60416095,1551868930
132978044090227,Ресторан_Библиотека_в_Туле,tula-russia,54.17367,37.597,1551781597
1155185807871568,Kafema,tula-russia,54.176148369,37.599568419,1551870950
2224069307876374,Винотека_Vino_More,tula-russia,54.17857,37.60068,1551787473
348448789046328,Набережная,tula-russia,54.201965,37.615566,1551691128
533488120194328,Дымоваръ_Lounge,tula-russia,54.19123,37.59561,1527838190
890566055,The_Office_Nargilia_Тула,tula-russia,54.18757,37.6098799,1509872457
168204560447781,Ногтевая_Студия_Diamond,tula-russia,54.19259,37.60334,1551848862
612487872263024,Фотостудия_Cherry_boom_тула,tula-russia,54.19408,37.61874,1550496827
776298535888662,Оригами_Суши_Тула,tula-russia,54.1744432384,37.6157918178,1551811188
38016876,Тульский_Музей_Оружия,tula-russia,54.1947308326,37.6201339408,1551807954
275426318,Тульский_Государственный_музей_Оружия,tula-russia,54.2038240345,37.6166499982,1551807954
1024283605,Puzzle_Bar,tula-russia,54.1977005,37.6022797,1550400322
1628815744076643,Два_Пекаря,tula-russia,54.1966431,37.6098231,1551705124
763542733,Kremlin_in_Tula,tula-russia,54.2107208315,37.6041810817,1540203379
222745835,Стейкхаус,tula-russia,54.1836076506,37.6072751427,1551811510
189057208230888,Кофейный_дом_orus,tula-russia,54.18292072,37.60627417,1533214272
629925347,Парадиз,tula-russia,54.1910807922,37.6159858704,1551801812
842372570,Храм_Двенадцати_Апостолов,tula-russia,54.17814,37.62707,1551630439
1464162370371253,BARY_на_Первомайской,tula-russia,54.18508,37.59493,1551777244
1032340535,Мужской_Клуб_Сахар,tula-russia,54.18314,37.5730999,1550757643
500105122,Красноармейский_Проспект,tula-russia,54.1973595061,37.5968904272,1547472291
978359598929352,Г_Тула_Центральный_Парк_Культуры_И_Отдыха,tula-russia,54.2,37.6166666667,1551726646
595300373939585,Тульский_государственный_театр_кукол,tula-russia,54.1918144667,37.61716148,1551675081
819946504844677,Если_Не_Сегодня_А_Когда_,tula-russia,54.1888762,37.6121908,1551810931
47186157,Винный_Погреб,tula-russia,54.1933144956,37.6137249849,1551290508
227811692,Респект,tula-russia,54.19929,37.61409,1551556033
1018396017,Та_Самая,tula-russia,54.1991781829,37.6140654393,1551418084
1022775284,Jumpin_Jive_Студия_джазового_танца_в_Туле,tula-russia,54.18627,37.6164,1551857367
353025135040488,Веревочный_парк_Остров_сокровищ,tula-russia,54.17518,37.5985299,1550556369
9854615,Лисья_Нора,tula-russia,54.1829483727,37.6014103708,1537890148
1249970688347234,Ул_Демонстрации_27,tula-russia,54.18963,37.5839,1506234838
1704182066523371,Dservice,tula-russia,54.1753406817,37.5997638702,1546264219
576293988,Кафейня_De_Пари,tula-russia,54.1972250911,37.602645686,1551297558
836814206485820,Салон_Красоты_Антураж,tula-russia,54.20371,37.64044,1549906519
697469181,Arsenal_Stadion,tula-russia,54.174167,37.603056,1551773417
492524431137138,Радость_моя,tula-russia,54.2142,37.6078,1551088831
421971314809799,Радость_моя,tula-russia,54.2142,37.6078,1551871694
1743980162362509,Bary_iskra,tula-russia,54.19824,37.61198,1551854033
205118510130994,Крестовоздвиженская_Площадь,tula-russia,54.195122141,37.6165411051,1551462110
2233549630213827,Тульская_Набережная,tula-russia,54.1992412431,37.6157907195,1536852052
267988920,Лицей_N4,tula-russia,54.19523,37.5871,1511849919
623448598,Sletat_ru_Tula,tula-russia,54.19674,37.60056,1550669804
284342375744291,хз_где_мы,tula-russia,54.1974299244,37.6117744,1551871634
193885181007717,Детский_центр_Витамин_и_школа_танца_ВитаДэнс,tula-russia,54.20148,37.63888,1551364872
502065095,Петр_Петрович,tula-russia,54.1841914923,37.5931266478,1551865840
508544376,Всехсвятское_Кладбище,tula-russia,54.18167084,37.61260821,1551436919
502286603,Ресторан_Паблик,tula-russia,54.1921667333,37.5997265,1548010422
381638948894827,Milk_Jagger_Coffee,tula-russia,54.191890552,37.6157176495,1539174294
589955411352372,Чайная_Чайка,tula-russia,54.1976,37.61389,1551702848
512474591,Casa_Collection,tula-russia,54.17518,37.5985299,1551731293
407064106411067,Студия_Союз,tula-russia,54.19564,37.61577,1551846203
202859680437999,Хулиганский_барбершоп_Интеллигент,tula-russia,54.19813,37.61532,1551859634
1035289171,Мерцен,tula-russia,54.21693,37.6225499,1551558347
504381153,ТЦ_Таурус,tula-russia,54.20062,37.59923,1551723290
352675921937921,ТОР_мужские_стрижки,tula-russia,54.19531,37.61053,1551802631
408961235,ДК_Железнодорожников_им_Ленина,tula-russia,54.1932854456,37.5870805762,1547464006
1654141968216149,Old_Boy_Bar,tula-russia,54.17542,37.59886,1533461665
10068423,Советская_чебуречная,tula-russia,54.1933135586,37.6126244618,1551132493
475631755,На_Каминского,tula-russia,54.1894909,37.6106613,1545579428
1477428325687727,Saldens_Taphouse,tula-russia,54.1911779,37.6186832,1551636719
214524410,San_Remo,tula-russia,54.1971234984,37.6027727604,1551820580
75964033,Хинкальная_У_Кремля,tula-russia,54.1958472455,37.6164983585,1551811249
502792192,Diamond_Bar,tula-russia,54.18545101,37.612460135,1472044548
676644015852219,Мануфактория,tula-russia,54.193289,37.6363878,1551631402
665277193628352,Clever_Bar,tula-russia,54.19073,37.61163,1542190839
303674787021707,Набережная_Упы,tula-russia,54.1968511546,37.6304179633,1551862267
1430387990366431,Салон_Одежды_Сливки,tula-russia,54.171,37.60229,1526249895
267397854,Кофейня_Шоколад,tula-russia,54.18972,37.61331,1551596561
1412476032097528,Pink_Tattoo,tula-russia,54.17542,37.59886,1532169061
449940268,Mama_Mia,tula-russia,54.1924430564,37.6106865161,1551853106
336419283384659,Персона_Grata_Persona_Grata,tula-russia,54.19404,37.59054,1545754679
411867242318222,Федерация_спортивной_акробатики_Тульской_области,tula-russia,54.1915453075,37.6134109497,1548139868
430556992,Ресторан_Сан_Ремо,tula-russia,54.19710463,37.6029049885,1551694638
500839796,Дом,tula-russia,54.193046565,37.587366965,1528627422
2191418951101767,Тульская_Набережная,tula-russia,54.1996926202,37.6158087247,1537088027
404189633282578,Кафе_бар_Арбат_Wild,tula-russia,54.1872674,37.6265608,1550767046
147404255971237,Football_Academy_Dmitry_Alenichev_in_Tula,tula-russia,54.2091679244,37.6012444496,1551811624
926288837,Вележево,tula-russia,54.19179117,37.61774063,1532106295
1341767305889154,Салон_Красоты_Armano,tula-russia,54.21877,37.62662,1551531220
420734565011518,Салон_красоты_БОССА_НОВА,tula-russia,54.17459,37.6155,1551695162
904339606377690,Студия_мастерская_WHITE,tula-russia,54.19617,37.60806,1551637331
195166757647604,Тцутюг_2_этаж_Euforia,tula-russia,54.192979329,37.6128213022,1551118722
673654421,Церковь_Николая_Чудотворца_Что_на_Ржавце,tula-russia,54.1957285094,37.6091349786,1546818420
863865998,Тульская_Чайная,tula-russia,54.1828183752,37.5912788855,1549742763
856208843,Кофе_Культ_на_Толстого,tula-russia,54.18079,37.62059,1551811201
568523981,Талисия_Центр_эстетической_медицины_Тула,tula-russia,54.19425,37.58767,1551852381
425588064502406,Кауля,tula-russia,54.1823099,37.6341183,1541929480
511006629,Профит_Отель,tula-russia,54.19052,37.62418,1551853596
1026308330,Центр_звукотерапии_Олеси_Зайцевой,tula-russia,54.17874,37.6025599,1551421609
1222759811079451,Хулиган_nomberone,tula-russia,54.17985,37.60384,1551841454
501859614,Burger_King,tula-russia,54.1970920415,37.6034275615,1551712100
1127395010731373,Ногтевая_Студия_Diamond,tula-russia,54.19259,37.60334,1550821321
405636948,Тула_Ул_Ложевая_123,tula-russia,54.2029537,37.6418253,1506343562
108509469860857,Завод_Октава_,tula-russia,54.19073,37.61163,1551810288
500756605,Ряжский_вокзал,tula-russia,54.20888,37.62658,1550400426
548464799,ДК_Ж,tula-russia,54.19128,37.58251,1547464006
926203770,Frau_Marta_Bierhaus,tula-russia,54.18927818,37.61015033,1551820375
1104086499635087,Vintage,tula-russia,54.17542,37.59886,1522401709
1019675256,Фитнес_центр_Гоголь,tula-russia,54.1859016,37.6079292,1551864396
874431314,Свято_Успенский_Кафедральный_Собор,tula-russia,54.19321532,37.61843956,1550943188
719281868434371,Mama_Mia,tula-russia,54.197315064,37.5956695807,1551773922
219224631,Гимназия_2,tula-russia,54.1948757846,37.5973457098,1545230647
1284218084933574,Кофейня_38,tula-russia,54.1979098972,37.5963950157,1548835825
419023485282045,Lil_Pil,tula-russia,54.1984119928,37.6126170158,1551630443
220065579,Кафе_Город_На_Красноармеском_Проспекте_Г_Тула,tula-russia,54.1965119329,37.6076956671,1540552583
1850405441645594,Пальчики,tula-russia,54.19257,37.61471,1548919014
965419286,Фрау_Марта,tula-russia,54.18184,37.60359,1551782077
1035232814,Берёзкино_Коттеджный_посёлок,tula-russia,54.2,37.6167,1551727983
414064532,Тульский_Академический_Драматический_Театр,tula-russia,54.1885336116,37.6080560033,1551707597
326474044479881,Espresso_Bar_Kaffeine,tula-russia,54.19075,37.61952,1548862802
345474702596349,MR_CUP_на_Толстого,tula-russia,54.1835981,37.6067455,1550846304
1791700084377235,Мастерская_Юлии_Высоцкой,tula-russia,54.20444,37.63984,1538307102
1029122001,Фотостудия_Record_в_Туле_ул_Кауля_д_20,tula-russia,54.178901453,37.6313894364,1520923513
512940055723548,Nice_Room_Студия_Ногтевого_Сервиса,tula-russia,54.18381,37.60777,1551680083
223656381430144,Бьюти_Студия_пуdра,tula-russia,54.18938,37.6275,1514730622
227884391,Демонстрации_1А,tula-russia,54.19290845,37.61133655,1551850435
1711367869131631,Осинова_Гора,tula-russia,54.1744579001,37.6577297,1550692916
4227866,Прокофий,tula-russia,54.1951399741,37.6119477291,1551540062
227032074,Fresh_Bar,tula-russia,54.1937891026,37.6127039197,1483831725
1868820146572254,Vino_Domino,tula-russia,54.198343,37.612561,1550169988
436994247,Discovery_Store,tula-russia,54.1792276083,37.6014375687,1551454536
445000492,The_Office_Nargilia_Lounge,tula-russia,54.19039888,37.61710645,1463864142
42884140,Арбитражный_Суд_Тульской_Области,tula-russia,54.1962664636,37.6070217256,1551861345
502837614,Больница_Ваныкина,tula-russia,54.18199005,37.59783481,1530553471
1029405880491778,Гостиница_Европа,tula-russia,54.1814997575,37.5733043051,1548427095
487122401666396,Цветочный_Маркет_24_в_Туле,tula-russia,54.1811866315,37.6053106785,1541307155
827251808,Всехсвятский_Кафедральный_Собор,tula-russia,54.18072,37.6126,1551437230
214297180,Mcdonalds_Tula,tula-russia,54.191862191,37.617748886,1494263238
608882342,Своя_Йога,tula-russia,54.19813,37.6153199,1551649368
924201356,Marafet_market,tula-russia,54.19953,37.587,1526792748
617422162,Корней_Иванович_Детские_книги_в_Туле,tula-russia,54.1847653767,37.596180439,1542824804
747427846,Сударь,tula-russia,54.206174095,37.61630126,1551475481
1029680581,МБОУ_Гимназия_2,tula-russia,54.19387,37.59775,1545850848
218103567,Бар_Советский_Спорт,tula-russia,54.1837329069,37.6075024273,1541186297
621118460,Концертный_Зал,tula-russia,54.1858444531,37.6095161595,1551780341
308804492854758,Magic_white,tula-russia,54.17542,37.59886,1546793455
1758592501027959,GRP_Group,tula-russia,54.17542,37.59886,1551786628
734439353378794,Hair_Garden,tula-russia,54.17949,37.60168,1550399207
892833845,Новостройки_Тулы,tula-russia,54.2,37.6167,1551263666
231950700213169,Черноголовка,tula-russia,54.2195066907,37.6293816419,1527621905
4745533,Comedy_Cafe,tula-russia,54.1995638785,37.6365543573,1521320584
450206232,restourant_brewery_Пётр_Петрович_Petr_Petrovich_,tula-russia,54.1848830958,37.593457256,1551865840
582994641,Верхний_Еруслан,tula-russia,54.20032,37.6028357,1551031754
471413621,Ресторан_Библиотека_Тула,tula-russia,54.175098831,37.5955234707,1513986927
987545954689760,Polaris_Lux,tula-russia,54.19588,37.60216,1538214915
498327774,Музей_Тульского_Пряника,tula-russia,54.211776231,37.6216596229,1551807954
1926513360692058,Другое_Дело_ПАБ,tula-russia,54.19273,37.61415,1551803616
514485352,Музей_Тульские_Самовары,tula-russia,54.19434,37.61904,1551854580
493540747,Ул_пирогова,tula-russia,54.18928529,37.62129301,1534875398
1246984292023232,Недвижимость_Новостройки_Квартиры_Тренинг_и_обучение_риэлторов_Тула,tula-russia,54.1941063254,37.6201486588,1548601339
115739329149233,Студия_Красоты_Lbeauty_г_Тула_Ул_Октябрьская_20_2_этаж_оф_6,tula-russia,54.20710597,37.619201765,1551852260
517194931,Музейно_Выставочный_центр_Тульские_Древности,tula-russia,54.18641,37.61062,1551718785
580792116,Клаустрофобия_Тула,tula-russia,55.7668180496,37.6327275079,1545303235
339333659840056,Студия_Татуировки_Забей,tula-russia,54.21704,37.62071,1534863307
609669367,StakeHouse_59,tula-russia,54.18319,37.60774,1550957511
144909702982446,Кофейня_Куба_тула,tula-russia,54.1989042365,37.5954206718,1551626799
116346198918908,Суши_бар_Самурай_,tula-russia,54.19761,37.60264,1547036383
152104558689988,Студия_макияжа_и_прически_Натальи_Дмитриевой,tula-russia,54.18672,37.61259,1551780313
508935811,Myata_Club_Cafe,tula-russia,54.1912282467,37.6134643067,1549748984
1292194034212062,Муркафе_Кошки_в_окошке,tula-russia,54.1890392,37.612772,1509091159
1050027211740468,Мужской_зал,tula-russia,54.1858482,37.6092288,1527104986
1298970450246061,Ресторан_Армения_,tula-russia,54.1921604684,37.6178097725,1551862353
1100481683328252,Mamma_Mia,tula-russia,54.19266,37.61019,1551790307
581126822,Багратион_Холл,tula-russia,54.2131446,37.6035965,1548647990
388266894859670,ТурагентствоАэропорт,tula-russia,54.19736,37.59362,1550570438
1817449971830200,Hookah_Daddy,tula-russia,54.17542,37.59886,1550437186
834374370059132,Магазин_Женской_Одежды_Дежа_Вю,tula-russia,54.19405,37.60982,1532076931
1031166349,Beauty_Bar_trend_Cut_Студия_Дмитрия_Чухрова,tula-russia,54.19548,37.60763,1548537745
1614619141891382,Мята_Lounge_Тула,tula-russia,54.1887667,37.6124755,1551729226
424261393,Тульский_Государственный_Академический_театр_Драмы_им_М_Горького,tula-russia,54.1891395,37.6110266,1550219389
731210291,Галкина,tula-russia,54.2083194826,37.6238792762,1548363569
567371188,Ресторан_Метрополь,tula-russia,54.18624,37.6094,1550997147
1864647887111497,Make_Up_Studio_by_Romanova_Anna,tula-russia,54.17267,37.59612,1549026418
965342072,Советский_спорт,tula-russia,54.18381,37.60777,1546988890
1023455220,Boulangerie_Paris,tula-russia,54.19127,37.6162599,1523125787
498642156,Spa_Технология_Красоты,tula-russia,54.1760501485,37.596601682,1540039104
1025085711,Dream_Bar,tula-russia,54.19616,37.60775,1531399354
741779680,Тула_ул_болдина,tula-russia,54.1855765181,37.6225487329,1508958782
1803842962971160,Мужской_Зал,tula-russia,54.1859533,37.6093304,1551703565
827560777376630,Кофейня_38,tula-russia,54.19792,37.59641,1522005173
197925897800292,Крыша_мира,tula-russia,54.192765,37.611095,1551805974
691472365,Орёл,tula-russia,54.1990514,37.5837425,1534886458
458825734464024,Центр_услуг_для_собак_i_Dog,tula-russia,54.17876,37.60439,1551441113
603186070084151,Синема_Парк_IMAX,tula-russia,54.1933914018,37.6362595812,1551857619
2135731076440646,Два_пекаря,tula-russia,54.19662,37.60937,1542627691
641689402870788,Тульская_Набережная,tula-russia,54.1952424124,37.6230883598,1533619810
1019360061,Тула,tula-russia,54.1912538,37.5827716,1551865380
969342077,Mama_Mia,tula-russia,54.1973067174,37.5957183085,1551853106
182246908849515,Tardis_like_салон_или_Что_То_вроде,tula-russia,54.17542,37.59886,1519482385
1031997297,Призывник,tula-russia,54.1855,37.61238,1551506845
31621957,Синема_Стар,tula-russia,54.199370891,37.6368448978,1551592740
780645201,Г_тула_КСК_Макларен,tula-russia,54.19424725,37.61574583,1551020008
749342130,Улица_Луначарского,tula-russia,54.2082,37.604821,1478937788
1144887505555081,Хинкальная_Genatsvale,tula-russia,54.19619,37.60488,1551811249
1736368063325789,Велигож,tula-russia,54.19408,37.61874,1551819211
506389054,Металлистов_Ул_,tula-russia,54.1988259607,37.6162891802,1531503755
547690915402643,Полонез,tula-russia,54.21187,37.62128,1551377293
2123834887946466,Angel_8,tula-russia,54.176,37.59942,1551860569
728915130630528,Светоч_Тула,tula-russia,54.19244,37.60898,1551635995
967228432,Бутик_АМЕЛИ,tula-russia,54.19297,37.60731,1550209350
500152514,Детский_мир,tula-russia,54.19788,37.58049,1551267631
235221523838802,Тульский_городской_концертный_зал,tula-russia,54.2006009966,37.612881057,1551798807
344286366088720,Жемчужина_Тула,tula-russia,54.19648,37.58994,1551456362
508448127,Тульский_гос_театр_Кукол,tula-russia,54.1925747928,37.6170420848,1549700407
597178468,Детский_сад_61,tula-russia,54.21905,37.63069,1540586680
774853414,Тула_Хлебная_Площадь_7,tula-russia,54.1855554962,37.6217663427,1535030062
1032962051,Сеть_Кафе_Ресторанов_Ханой_Тула,tula-russia,54.21345,37.62227,1551863365
2005842789697745,Салон_Одежды_Сливки,tula-russia,54.19273,37.61415,1551362366
382626622176994,Успенский_Кафедральный_Собор_Г_Тула,tula-russia,54.1934599,37.6185361,1550943188
453526321509566,Tula_Teens,tula-russia,54.16903,37.59882,1551208595
498356247,Тульская_областная_универсальная_научная_библиотека,tula-russia,54.1854351,37.6124849,1551703409
415340433,Арсенал,tula-russia,54.17107,37.6042,1551773417
402127026879135,Genatsvale_Georgia,tula-russia,54.19619,37.60488,1551648883
1009991603,Асми_Индия_Магазин_индийских_товаров_в_Туле,tula-russia,54.17418,37.59511,1551625596
1832017573729843,Brow_Service_Center,tula-russia,54.18842,37.613,1519199222
2278343819068292,Детский_Центр_Jumanji,tula-russia,54.19215,37.61799,1551799877
1793818827299662,Barbershop_Бородач_Тула,tula-russia,54.19799,37.59328,1551468702
409514219,Центральный_Парк,tula-russia,54.1825410418,37.5838066787,1551615492
225975703,Вавилон_Тула,tula-russia,54.1968521003,37.6039282221,1551513381
144261002771380,Тула_улица_Кирова_19г,tula-russia,54.1959487552,37.642439946,1506058004
965564593,Иверия,tula-russia,54.1895984,37.6101012,1551116862
587475767,Tula_Kreml,tula-russia,54.1948742196,37.6207256813,1551854580
690766809,Пролетарский_Мост,tula-russia,54.2023564484,37.616770304,1534533827
1473596739353675,Алые_Берега,tula-russia,54.18842,37.613,1549267342
672355441,Государственный_музей_оружия,tula-russia,54.19254,37.6165,1551807954
1016371442,Та_Самая,tula-russia,54.18624,37.5991799,1551736111
571497339,Спа_Центр_Технология_Красоты,tula-russia,54.1760151183,37.5972721235,1540039104
140411316612222,Кафе_Зерна,tula-russia,54.1901,37.61373,1551297216
1768511156721639,Рекорд_спорт_центр,tula-russia,54.1728948355,37.5875028415,1516260847
711398552528345,Интим_Магазин_Интим71,tula-russia,54.183472,37.599825,1551791576
16403443,Типография_Борус,tula-russia,54.1983933345,37.6092327301,1547976404
516147785,Рождественский,tula-russia,54.187181405,37.592709275,1546809621
246582645809289,Английский_для_детей_BEBIGGER_Тула,tula-russia,54.18842,37.613,1551865152
1180936055376529,ZEUS_hookah_TULA,tula-russia,54.1897876544,37.6133948565,1550512096
1392555520757781,Зоосалон_Модная_Собачка_Тула,tula-russia,54.19821,37.58157,1544552160
413460030,Казанова,tula-russia,54.19761,37.60264,1526500210
619441998,Nicholas_Zaretsky_Church,tula-russia,54.2048055556,37.6165833333,1547239753
506777341,Комус,tula-russia,54.1867005501,37.6207985799,1536223857
1023465840,Фотостудия_Record_в_Туле,tula-russia,54.17879,37.63089,1534232152
533929205,Дом_музей_В_В_Вересаева,tula-russia,54.18876,37.60149,1546951530
628864565,имени_Михеева,tula-russia,54.1741363,37.6155991,1550929931
446086181,Тайм_Аут,tula-russia,54.1903527639,37.6145553939,1529256443
227481390964385,Гостиница_София,tula-russia,54.18916,37.6112899,1549615165
771805736288018,Турист_Клуб,tula-russia,54.1934605,37.6134587,1551638118
1070465159726149,Ресторан_Компания,tula-russia,54.2095798,37.6205506,1550647927
504823502,ТЦ_Интерсити,tula-russia,54.1977762667,37.5811674,1548270599
316492635375978,Хвощ,tula-russia,54.18342,37.6057,1545505295
887524824724305,Гриль_Бар_DROVA,tula-russia,54.19994,37.63624,1551825989
619635724885198,Турагентство_Аэропорт,tula-russia,54.19736,37.59362,1534972729
721581374662289,Фо_Бо_вьетнамская_кухня,tula-russia,54.1901,37.61468,1544894581
129734464296021,Раковарня_Клешня,tula-russia,54.17542,37.59886,1549454107
1897858963811109,Sindikat_Smoki,tula-russia,54.194335535,37.613775667,1535058796
570646206,Comedy_Cafe_Тула,tula-russia,54.19994607,37.636385345,1487493238
141502316435896,Салон_Самоцветы_Натальи_Степуниной,tula-russia,54.19244,37.60898,1550512816
323493644702857,Calipso_Dance_Centre,tula-russia,54.17542,37.59886,1550520689
1022664277,Море_Суши,tula-russia,54.1992989,37.6390495,1541956190
990825357753410,Этажи_Тула,tula-russia,54.19059,37.62004,1551539064
1035102215,Фотошкола_Библиотека,tula-russia,54.20947,37.61689,1550426348
328277080862880,1000_цветов_Тула,tula-russia,54.19588,37.60216,1551819227
708304579549599,ул_Металлистов_6,tula-russia,54.197455,37.617379,1551811205
638038533,Автовокзал,tula-russia,54.20010578,37.60349386,1540220637
72828674,Центр_Стоматологии,tula-russia,54.1937370628,37.604278953,1545055489
508707566,Клиника_Врачебной_Косметологии_Комаровой_В_Н_,tula-russia,54.17874,37.6025599,1551530532
132357183472356,ТГТК,tula-russia,54.1961,37.58769,1550824875
1116845331762061,Эталон_Тур_Тула,tula-russia,54.2027109361,37.6433336735,1508408237
500455144,Ресторан_Ханой_Тула_Россия,tula-russia,54.21345,37.62227,1551863049
487058637,Дубрава,tula-russia,54.18433,37.60127,1537175271
2026637470890772,МБОУ_Центр_образования_22_Лицей_искусств,tula-russia,54.2015499517,37.6436340809,1550340350
248796872223188,Модельное_агентство_Linda,tula-russia,54.19685,37.59454,1551599651
1015011693,Музей_Не_Игрушки_Not_Toys_Museum,tula-russia,54.1895294,37.6141014,1543649675
1032346475,Фитнес_Будущего,tula-russia,54.19404,37.59054,1544449662
407329953021289,Киносити,tula-russia,54.19215,37.61799,1543388508
452211118,Офис_ЦСКО_Сбербанк_России,tula-russia,54.2006,37.59428,1551783626
492448160951272,Чёрный_Квадрат,tula-russia,54.18943,37.60672,1550587199
965460228,12_Ключей_Тульская_Область,tula-russia,54.2,37.6166666667,1501776563
121217958500889,Lamorehometula,tula-russia,54.19559,37.6134,1535637881
410489997,Hookahplacetula,tula-russia,54.19094,37.62186,1481921266
429977744,ДКЖ,tula-russia,54.1859703,37.5931235,1537472899
739539481,СтройКровля,tula-russia,54.17542,37.59886,1550930187
1015659415,Библиотека,tula-russia,54.17367,37.597,1550614371
76090801,Администрация_Тульской_Области,tula-russia,54.1940631701,37.6161869725,1548342820
953319444,Moре_суши_Тула,tula-russia,54.1993220254,37.6391923428,1551591152
590282104,Tui_Тула,tula-russia,54.17985,37.60384,1461057755
1022091843,Суши_Хаус,tula-russia,54.1974716,37.6029205,1537474826
613387798,The_Trump,tula-russia,54.18352821,37.57137891,1531162349
1741325009484028,АртИзба,tula-russia,54.1761507498,37.5996780396,1551457305
111477622914305,Барвиха_Лаунж_Тула,tula-russia,54.17518,37.5985299,1551797118
324056907935925,Фотошкола_Библиотека_в_Туле,tula-russia,54.2093687086,37.6169192791,1544009045
1061187487236117,Респект,tula-russia,54.18461,37.60763,1551123539
166809533948442,РК_Славянский,tula-russia,54.1856,37.62727,1551857086
112694329413386,Студия_маникюра_MaryNail,tula-russia,54.19626,37.59525,1544602341
1891680804261186,Кафе_Сова,tula-russia,54.1968766518,37.6040884637,1551882623
120755995146192,НУЗ_Отделенческая_больница_на_ст_Тула_ОАО_РЖД_,tula-russia,54.1952989021,37.5828337669,1548145879
567570339,Шанти_Индийский_салон_красоты,tula-russia,54.18526,37.61096,1551447724
1191290064301128,Областная_организация_ОГО_ВФСО_Динамо,tula-russia,54.17836,37.59933,1551359520
1777535039138000,Мастерская_Юлии_Высоцкой,tula-russia,54.20444,37.63984,1551875044
512273175,Детская_поликлиника_2,tula-russia,54.19928,37.6028,1549690361
1029928623,Премьер_Тула,tula-russia,54.19872,37.61078,1540573781
508572260,2_й_Западный,tula-russia,54.18715,37.61674,1502023918
1032537220,Барсуки,tula-russia,54.21302835,37.62840634,1551543830
113384422660574,Елена_Шугаринг_Тула,tula-russia,54.20707,37.61907,1541915623
1014293406,Мастерская_галерея_Волшебный_чемоданчик,tula-russia,54.2,37.6167,1546534085
628481167,Тула_отель_Император,tula-russia,54.21276658,37.6261945532,1551721615
465906640436790,Революции_17,tula-russia,54.19405,37.60982,1546324550
517043588,Женская_консультация,tula-russia,54.19006,37.60405,1551803343
414832378695716,AROME,tula-russia,54.18842,37.613,1527163125
683498447,Мчс_Тульская_Область,tula-russia,54.19031,37.586,1550827710
1020036160,г_Тула_Тульская_обл_Краеведческий_музей,tula-russia,54.1911774,37.6186829,1530188782
711877464,Arsenalstadion,tula-russia,54.1745833333,37.6027222222,1551773417
1773164622997223,Самурай,tula-russia,54.19761,37.60264,1545118322
569052240,Armenia_Hotel_Tula,tula-russia,54.192642544,37.618483945,1551743014
282396780,К_Раута,tula-russia,54.171559215,37.59899423,1524602908
924372747689304,Максима_Горького_1,tula-russia,54.2,37.6166666667,1549945769
741015949334453,Тула_Красный_Перекоп,tula-russia,54.1731501729,37.6208108973,1483964873
524956314,Багратион,tula-russia,54.18401315,37.60583644,1548647990
35344309,Гостиница_София,tula-russia,54.18916,37.6112899,1535114948
785829058,Фитнес_Экспресс,tula-russia,54.19135,37.61319,1473440080
285272164,Памятник_Левше,tula-russia,54.20064,37.61486,1551282081
1026454400,Саватди_Спа,tula-russia,54.19435,37.61383,1551759898
464001450625289,Eco_Store,tula-russia,54.1978973448,37.5920820236,1551860598
482689565,Альфа_Банк,tula-russia,54.1976,37.58861,1545227525
410301230,г_Тула,tula-russia,54.1741432167,37.5913075167,1551865380
178251805935057,Luxio_Tula,tula-russia,54.1743,37.59601,1550782727
199473903796901,САЛОН_Красоты_ПАРИЖ,tula-russia,54.18663,37.62351,1550733270
1015870983,Тульский_областной_медицинский_колледж,tula-russia,54.1924591,37.5970001,1551639924
700737981,Центр_Стоматологии,tula-russia,54.19379,37.60315,1545055489
498315610,Новый_ЖК_Петровский_квартал_в_г_Туле,tula-russia,54.2,37.6167,1546965732
457336504796726,Vеранда_I_Garden_Street_Food,tula-russia,54.1919,37.60136,1551864829
553534024851813,Underground,tula-russia,54.19207,37.61585,1505707763
152881188216808,Tula,tula-russia,54.2,37.6166666667,1551865380
575479998,Дк_Делезнодорожник,tula-russia,54.19132618,37.58386621,1547464006
1133130800117077,Стоматология_СмайлСпа_в_Туле,tula-russia,54.1906664903,37.5824797153,1550384625
1148900091884678,Шумoff_Тула,tula-russia,54.1982360078,37.6391610469,1527490052
659557938,Тульские_новости,tula-russia,54.18381,37.60777,1551772535
1027313860,Выставочный_зал,tula-russia,54.19794,37.60066,1551468230
798990344,Эс_Класс_Клиник_Тула,tula-russia,54.19836,37.63666,1546510913
1812795079044458,Студия_Оксаны_Невзоровой,tula-russia,54.19608,37.613,1545248613
942249989306453,Пиццерия_Престо_Якито_Суши,tula-russia,54.193108,37.638786,1551871931
1026178451,Пункт_выдачи_заказов_на_Каминского_21,tula-russia,54.1884,37.61338,1551004619
440322657,Тула,tula-russia,54.19262,37.62177,1551865380
1026357375,Buktour,tula-russia,54.19414,37.61376,1551439910
1619638254770527,Самобыт,tula-russia,54.1759894961,37.5992360352,1537546647
1014993448,Историко_мемориальный_музей_Демидовых,tula-russia,54.20507,37.61568,1551525994
638892190,Триумфальная_Арка,tula-russia,54.188661113,37.583226683,1551300242
489491816,Карамболь_Боулинг,tula-russia,54.1904539019,37.6123805057,1551880717
423631082,Музей_Самоваров_Тула,tula-russia,54.1938761252,37.6185401155,1551635763
1705585659755415,Паб_3_Сестры,tula-russia,54.1932027194,37.6125039864,1548537699
576947103,Музей_Тульские_Древности,tula-russia,54.18641,37.61062,1551718785
746841159,Ротонда_на_Набережной_Упы,tula-russia,54.20025,37.61215,1476647784
582680911,Кино_Сити,tula-russia,54.19193629,37.61808202,1551874911
269365389,Чили_бар_Премьер_,tula-russia,54.1769041258,37.5942112821,1540717089
1425278557491169,Академия_Красоты_Эйфория,tula-russia,54.19275,37.6122,1551854494
1018930183,Агентство_Путешествий_Sun_dali,tula-russia,54.1466331,37.5822372,1507063827
992374702,Beauty_CLUB,tula-russia,54.2,37.6167,1533011177
512089339,Тула_Ташир,tula-russia,54.2181651,37.6239359,1539925223
164106360993644,Vanillanails_Studio,tula-russia,54.18842,37.613,1547977679
500235763,Венев_Монастырь,tula-russia,54.1834966,37.5715821,1549196756
339231326832073,Глобус_Тула,tula-russia,54.186301,37.592828,1551736387
863027397210294,Бутик_Галерея,tula-russia,54.19244,37.60898,1550209350
217123914,общежитие_тулгу_6_1,tula-russia,54.1738977,37.58915349,1503257743
8128299,Ресторанный_Дом_Флер,tula-russia,54.1788508699,37.5983353958,1501347603
5777711,Mesto,tula-russia,54.1834772642,37.6061869666,1490171293
37443318,Bar_Book,tula-russia,54.1886044635,37.6126137144,1503297545
14026900,Travelers_Coffee,tula-russia,54.1698844,37.5917871,1542019158
445000492,The_Office_Nargilia_Lounge,tula-russia,54.19039888,37.61710645,1463864142
646886626,Smilespa,tula-russia,54.19078785,37.5824154,1523694654
508935811,Myata_Club_Cafe,tula-russia,54.1912282467,37.6134643067,1549748984
269365389,Чили_бар_Премьер_,tula-russia,54.1769041258,37.5942112821,1540717089
